paint_code,color_family,family_status,image_review_status,review_note
P9E,Blue,reviewed,needs-review,Family finalized per user request
P5W,Blue,reviewed,needs-review,Family finalized per user request
P5C,Blue,reviewed,needs-review,Family finalized per user request
P7L,Blue,reviewed,needs-review,Family finalized per user request
P8W,Blue,reviewed,needs-review,Family finalized per user request
327,Blue,reviewed,needs-review,Family finalized per user request
P6F,Blue,reviewed,needs-review,Family assigned per user-provided review
P7P,Blue,reviewed,needs-review,Family finalized per user request
C38,Blue,reviewed,needs-review,Family finalized per user request
C5L,Blue,reviewed,needs-review,Family finalized per user request
A15,Blue,reviewed,needs-review,Family finalized per user request
448,Blue,reviewed,needs-review,Family finalized per user request
W37,Blue,reviewed,needs-review,Family finalized per user request
A30,Blue,reviewed,needs-review,Family finalized per user request
C1M,Blue,reviewed,needs-review,Family finalized per user request
C1A,Blue,reviewed,needs-review,Family assigned per user-provided review
X1E,Blue,reviewed,needs-review,Family finalized per user request
379,Blue,reviewed,needs-review,Family finalized per user request
381,Blue,reviewed,needs-review,Family finalized per user request
C1K,Blue,reviewed,needs-review,Family finalized per user request
B51,Blue,reviewed,needs-review,Family finalized per user request
C31,Blue,reviewed,needs-review,Family finalized per user request
P9M,Grey,reviewed,needs-review,Family assigned per user-provided review
276,Blue,reviewed,needs-review,Family finalized per user request
C3Z,Blue,reviewed,needs-review,Family finalized per user request
287,Blue,reviewed,needs-review,Family finalized per user request
P5T,Blue,reviewed,needs-review,Family finalized per user request
C4F,Blue,reviewed,needs-review,Family finalized per user request
406,Grey,reviewed,needs-review,Family assigned per user-provided review
S0V,Blue,reviewed,needs-review,Family finalized per user request
453,Blue,reviewed,needs-review,Family finalized per user request
W32,Black,reviewed,needs-review,Family assigned per user-provided review
C7R,Blue,reviewed,needs-review,Family finalized per user request
X1G,Blue,reviewed,needs-review,Family finalized per user request
P96,Blue,reviewed,needs-review,Family finalized per user request
R71,Blue,reviewed,needs-review,Family assigned per user-provided review
299,Purple,reviewed,needs-review,Family finalized per user request
W69,Purple,reviewed,needs-review,Family finalized per user request
359,Purple,reviewed,needs-review,Family finalized per user request
P9A,Purple,reviewed,needs-review,Family finalized per user request
283,Purple,reviewed,needs-review,Family finalized per user request
S0K,Purple,reviewed,needs-review,Family assigned per user-provided review
C56,Purple,reviewed,needs-review,Family assigned per user-provided review
P28,Purple,reviewed,needs-review,Family finalized per user request
S0G,Purple,reviewed,needs-review,Family finalized per user request
S0N,Brown,reviewed,needs-review,Family finalized per user request
R61,Purple,reviewed,needs-review,Family finalized per user request
L74,Purple,reviewed,needs-review,Family finalized per user request
R95,Purple,reviewed,needs-review,Family finalized per user request
P7U,Brown,reviewed,needs-review,Family finalized per user request
P78,Red,reviewed,needs-review,Family finalized per user request
R20,Red,reviewed,needs-review,Family finalized per user request
P9C,Red,reviewed,needs-review,Family finalized per user request
C57,Red,reviewed,needs-review,Family finalized per user request
S03,Red,reviewed,needs-review,Family finalized per user request
P9L,Red,reviewed,needs-review,Family finalized per user request
T09,Purple,reviewed,needs-review,Family assigned per user-provided review
A39,Red,reviewed,needs-review,Family finalized per user request
A31,Red,reviewed,needs-review,Family finalized per user request
C68,Red,reviewed,needs-review,Family finalized per user request
P9F,Red,reviewed,needs-review,Family finalized per user request
S0P,Red,reviewed,needs-review,Family finalized per user request
138,Red,reviewed,needs-review,Family finalized per user request
W65,Red,reviewed,needs-review,Family finalized per user request
405,Red,reviewed,needs-review,Family finalized per user request
P7K,Red,reviewed,needs-review,Family finalized per user request
A75,Red,reviewed,needs-review,Family finalized per user request
314,Red,reviewed,needs-review,Family finalized per user request
375,Red,reviewed,needs-review,Family finalized per user request
S0F,Beige,reviewed,needs-review,Family assigned per user-provided review
P8T,Orange,reviewed,needs-review,Family finalized per user request
A32,Bronze,reviewed,needs-review,Family finalized per user request
P86,Brown,reviewed,needs-review,Family finalized per user request
U80,Brown,reviewed,needs-review,Family finalized per user request
W90,Brown,reviewed,needs-review,Family finalized per user request
B65,Brown,reviewed,needs-review,Family finalized per user request
B53,Brown,reviewed,needs-review,Family finalized per user request
P93,Orange,reviewed,needs-review,Family finalized per user request
P7E,Orange,reviewed,needs-review,Family finalized per user request
U96,Yellow,reviewed,needs-review,Family finalized per user request
337,Yellow,reviewed,needs-review,Family finalized per user request
C4H,Yellow,reviewed,needs-review,Family finalized per user request
P9G,Grey,reviewed,needs-review,Family assigned per user-provided review
621,Bronze,reviewed,needs-review,Family finalized per user request
C3D,Beige,reviewed,needs-review,Family assigned per user-provided review
P9P,Green,reviewed,needs-review,Family finalized per user request
P9Y,Green,reviewed,needs-review,Family finalized per user request
R94,Green,reviewed,needs-review,Family assigned per user-provided review
T42,Green,reviewed,needs-review,Family finalized per user request
A43,Green,reviewed,needs-review,Family finalized per user request
S0M,Green,reviewed,needs-review,Family finalized per user request
312,Green,reviewed,needs-review,Family finalized per user request
P85,Green,reviewed,needs-review,Family finalized per user request
W67,Green,reviewed,needs-review,Family finalized per user request
071,Green,reviewed,needs-review,Family finalized per user request
W81,Green,reviewed,needs-review,Family finalized per user request
430,Green,reviewed,needs-review,Family finalized per user request
S10,Green,reviewed,needs-review,Family finalized per user request
P80,Green,reviewed,needs-review,Family finalized per user request
275,Green,reviewed,needs-review,Family finalized per user request
S0A,Green,reviewed,needs-review,Family finalized per user request
P6E,Green,reviewed,needs-review,Family finalized per user request
P7G,Green,reviewed,needs-review,Family finalized per user request
P9R,Green,reviewed,needs-review,Family finalized per user request
C4E,Green,reviewed,needs-review,Family finalized per user request
P9D,Green,reviewed,needs-review,Family finalized per user request
P92,Green,reviewed,needs-review,Family finalized per user request
C4G,Green,reviewed,needs-review,Family finalized per user request
266,Green,reviewed,needs-review,Family finalized per user request
R9D,Green,reviewed,needs-review,Family assigned per user-provided review
P7V,Green,reviewed,needs-review,Family finalized per user request
P9B,Green,reviewed,needs-review,Family finalized per user request
P56,Green,reviewed,needs-review,Family finalized per user request
P5N,Green,reviewed,needs-review,Family finalized per user request
L38,Green,reviewed,needs-review,Family finalized per user request
W97,Green,reviewed,needs-review,Family finalized per user request
A96,White,reviewed,needs-review,Family finalized per user request
U21,White,reviewed,needs-review,Family finalized per user request
X16,White,reviewed,needs-review,Family finalized per user request
P7B,Grey,reviewed,needs-review,Family finalized per user request
P6H,Grey,reviewed,needs-review,Family finalized per user request
C4A,Grey,reviewed,needs-review,Family finalized per user request
P81,Grey,reviewed,needs-review,Family finalized per user request
P6K,Grey,reviewed,needs-review,Family finalized per user request
C67,Silver,reviewed,needs-review,Family finalized per user request
C39,Grey,reviewed,needs-review,Family finalized per user request
P8X,Grey,reviewed,needs-review,Family finalized per user request
C3N,Grey,reviewed,needs-review,Family assigned per user-provided review
C36,Grey,reviewed,needs-review,Family finalized per user request
C3E,Grey,reviewed,needs-review,Family finalized per user request
P6L,Grey,reviewed,needs-review,Family assigned per user-provided review
C55,Grey,reviewed,needs-review,Family assigned per user-provided review
C4P,Grey,reviewed,needs-review,Family finalized per user request
P6M,Grey,reviewed,needs-review,Family assigned per user-provided review
C4W,Grey,reviewed,needs-review,Family finalized per user request
A53,Beige,reviewed,needs-review,Family assigned per user-provided review
440,Grey,reviewed,needs-review,Family finalized per user request
C5A,Grey,reviewed,needs-review,Family finalized per user request
P79,Grey,reviewed,needs-review,Family finalized per user request
P60,Grey,reviewed,needs-review,Family assigned per user-provided review
P7X,Grey,reviewed,needs-review,Family finalized per user request
W24,Grey,reviewed,needs-review,Family finalized per user request
C17,Grey,reviewed,needs-review,Family finalized per user request
S0R,Grey,reviewed,needs-review,Family finalized per user request
P8Y,Grey,reviewed,needs-review,Family finalized per user request
P94,Grey,reviewed,needs-review,Family finalized per user request
A90,Grey,reviewed,needs-review,Family finalized per user request
C49,Black,reviewed,needs-review,Family finalized per user request
303,Black,reviewed,needs-review,Family finalized per user request
U86,Brown,reviewed,needs-review,Family assigned per user-provided review
A73,Black,reviewed,needs-review,Family finalized per user request
416,Black,reviewed,needs-review,Family finalized per user request
X03,Black,reviewed,needs-review,Family assigned per user-provided review
U91,Black,reviewed,needs-review,Family finalized per user request
